SCHEMA_NAME,TABLE_NAME,COLUMN_NAME,DATA_TYPE,DATA_TYPE_EXT,DATA_LENGTH,DATA_PRECISION,DATA_SCALE,NULLABLE,DEFAULT_VALUE,PRIMARY_KEY,FOREIGN_KEY,UNIQUE_KEY,CHECK_CONSTRAINT,COMMENTS
APEX_040200,WWV_FLOW_DUAL100,I,NUMBER,NUMBER,22,,,Y,, , , , ,
INITSHARE,LIST_OF_DATES,COLUMN_VALUE,DATE,DATE,7,,,N,,PK, ,UK, ,
MX_FORMS,TBLTEMPLATE_100,BLOCK_S,NVARCHAR2,NVARCHAR2(2000),4000,,,Y,, , , , ,
MX_FORMS,TBLTEMPLATE_100,CHANGECOORDBY_S,NVARCHAR2,NVARCHAR2(2000),4000,,,Y,, , , , ,
MX_FORMS,TBLTEMPLATE_100,COBUSNUMBER_S,NVARCHAR2,NVARCHAR2(2000),4000,,,Y,, , , , ,
MX_FORMS,TBLTEMPLATE_100,COMMENTS_S,NVARCHAR2,NVARCHAR2(2000),4000,,,Y,, , , , ,
MX_FORMS,TBLTEMPLATE_100,COORDCORRIDOR_S,NVARCHAR2,NVARCHAR2(2000),4000,,,Y,, , , , ,
MX_FORMS,TBLTEMPLATE_100,COORDDRIVERNAME_S,NVARCHAR2,NVARCHAR2(2000),4000,,,Y,, , , , ,
MX_FORMS,TBLTEMPLATE_100,COORDDRIVERNO_S,NVARCHAR2,NVARCHAR2(2000),4000,,,Y,, , , , ,
MX_FORMS,TBLTEMPLATE_100,COORDLOCATION_S,NVARCHAR2,NVARCHAR2(2000),4000,,,Y,, , , , ,
MX_FORMS,TBLTEMPLATE_100,COORDREASON_S,NVARCHAR2,NVARCHAR2(2000),4000,,,Y,, , , , ,
MX_FORMS,TBLTEMPLATE_100,COORDTIME_S,NVARCHAR2,NVARCHAR2(2000),4000,,,Y,, , , , ,
MX_FORMS,TBLTEMPLATE_100,COUNT,NUMBER,NUMBER,22,,,Y,, , , , ,
MX_FORMS,TBLTEMPLATE_100,CURRENTDUTYNAME_S,NVARCHAR2,NVARCHAR2(2000),4000,,,Y,, , , , ,
MX_FORMS,TBLTEMPLATE_100,CUSTOMERCONTACT_B,NUMBER,NUMBER,22,1,0,Y,, , , , ,
MX_FORMS,TBLTEMPLATE_100,DATE_D,TIMESTAMP(6),TIMESTAMP(6),11,,6,Y,, , , , ,
MX_FORMS,TBLTEMPLATE_100,DELAYCOMMENTS_S,NVARCHAR2,NVARCHAR2(2000),4000,,,Y,, , , , ,
MX_FORMS,TBLTEMPLATE_100,DELAYCORRIDOR_S,NVARCHAR2,NVARCHAR2(2000),4000,,,Y,, , , , ,
MX_FORMS,TBLTEMPLATE_100,DELAYCUSTOMERCONTACT_B,NUMBER,NUMBER,22,1,0,Y,, , , , ,
MX_FORMS,TBLTEMPLATE_100,DELAYGTCC_B,NUMBER,NUMBER,22,1,0,Y,, , , , ,
MX_FORMS,TBLTEMPLATE_100,DELAYLENGTH_S,NVARCHAR2,NVARCHAR2(2000),4000,,,Y,, , , , ,
MX_FORMS,TBLTEMPLATE_100,DELAYNOOFTRIPS_N,NUMBER,NUMBER,22,,,Y,, , , , ,
MX_FORMS,TBLTEMPLATE_100,DELAYPERIOD_S,NVARCHAR2,NVARCHAR2(2000),4000,,,Y,, , , , ,
MX_FORMS,TBLTEMPLATE_100,DELAYREASON_S,NVARCHAR2,NVARCHAR2(2000),4000,,,Y,, , , , ,
MX_FORMS,TBLTEMPLATE_100,DELAYTOSERVICE_S,NVARCHAR2,NVARCHAR2(2000),4000,,,Y,, , , , ,
MX_FORMS,TBLTEMPLATE_100,DELAY_S,NVARCHAR2,NVARCHAR2(2000),4000,,,Y,, , , , ,
MX_FORMS,TBLTEMPLATE_100,DESTINATIONSTOPNAME_S,NVARCHAR2,NVARCHAR2(2000),4000,,,Y,, , , , ,
MX_FORMS,TBLTEMPLATE_100,DISPATCHER_S,NVARCHAR2,NVARCHAR2(2000),4000,,,Y,, , , , ,
MX_FORMS,TBLTEMPLATE_100,DOMAIN,NVARCHAR2,NVARCHAR2(50),100,,,Y,, , , , ,
MX_FORMS,TBLTEMPLATE_100,DUTYNAME_S,NVARCHAR2,NVARCHAR2(2000),4000,,,Y,, , , , ,
MX_FORMS,TBLTEMPLATE_100,DUTYNO_S,NVARCHAR2,NVARCHAR2(2000),4000,,,Y,, , , , ,
MX_FORMS,TBLTEMPLATE_100,EMS_B,NUMBER,NUMBER,22,1,0,Y,, , , , ,
MX_FORMS,TBLTEMPLATE_100,EVENTDATE,TIMESTAMP(6),TIMESTAMP(6),11,,6,Y,, , , , ,
MX_FORMS,TBLTEMPLATE_100,FORM,NUMBER,NUMBER,22,,,Y,, , , , ,
MX_FORMS,TBLTEMPLATE_100,FORMVERSION,NUMBER,NUMBER,22,,,Y,, , , , ,
MX_FORMS,TBLTEMPLATE_100,GTCC_B,NUMBER,NUMBER,22,1,0,Y,, , , , ,
MX_FORMS,TBLTEMPLATE_100,HIDEFORPRINTING_S,NVARCHAR2,NVARCHAR2(2000),4000,,,Y,, , , , ,
MX_FORMS,TBLTEMPLATE_100,ID,NUMBER,NUMBER,22,,,N,,PK, ,UK, ,
MX_FORMS,TBLTEMPLATE_100,INITIATEDBY_S,NVARCHAR2,NVARCHAR2(2000),4000,,,Y,, , , , ,
MX_FORMS,TBLTEMPLATE_100,INITIATED_S,NVARCHAR2,NVARCHAR2(2000),4000,,,Y,, , , , ,
MX_FORMS,TBLTEMPLATE_100,MAILADDRESS_S,NVARCHAR2,NVARCHAR2(2000),4000,,,Y,, , , , ,
MX_FORMS,TBLTEMPLATE_100,OTHERNOTIFIED_B,NUMBER,NUMBER,22,1,0,Y,, , , , ,
MX_FORMS,TBLTEMPLATE_100,POLICESERVICE_B,NUMBER,NUMBER,22,1,0,Y,, , , , ,
MX_FORMS,TBLTEMPLATE_100,STARTSTOPNAME_S,NVARCHAR2,NVARCHAR2(2000),4000,,,Y,, , , , ,
MX_FORMS,TBLTEMPLATE_100,STATUS_S,NVARCHAR2,NVARCHAR2(2000),4000,,,Y,, , , , ,
MX_FORMS,TBLTEMPLATE_100,SYS_CHILDFORM_IDS_S,NVARCHAR2,NVARCHAR2(2000),4000,,,Y,, , , , ,
MX_FORMS,TBLTEMPLATE_100,SYS_DATAMODE_S,NVARCHAR2,NVARCHAR2(2000),4000,,,Y,, , , , ,
MX_FORMS,TBLTEMPLATE_100,SYS_DOMAIN_S,NVARCHAR2,NVARCHAR2(2000),4000,,,Y,, , , , ,
MX_FORMS,TBLTEMPLATE_100,SYS_FORMSERVERURL_S,NVARCHAR2,NVARCHAR2(2000),4000,,,Y,, , , , ,
MX_FORMS,TBLTEMPLATE_100,SYS_FORMVERSION_S,NVARCHAR2,NVARCHAR2(2000),4000,,,Y,, , , , ,
MX_FORMS,TBLTEMPLATE_100,SYS_FORM_ID_S,NVARCHAR2,NVARCHAR2(2000),4000,,,Y,, , , , ,
MX_FORMS,TBLTEMPLATE_100,SYS_LOCALE_S,NVARCHAR2,NVARCHAR2(2000),4000,,,Y,, , , , ,
MX_FORMS,TBLTEMPLATE_100,SYS_PARENTFORM_ID_S,NVARCHAR2,NVARCHAR2(2000),4000,,,Y,, , , , ,
MX_FORMS,TBLTEMPLATE_100,SYS_TEMPLATE_ID_S,NVARCHAR2,NVARCHAR2(2000),4000,,,Y,, , , , ,
MX_FORMS,TBLTEMPLATE_100,SYS_TIMESTAMP_S,NVARCHAR2,NVARCHAR2(2000),4000,,,Y,, , , , ,
MX_FORMS,TBLTEMPLATE_100,SYS_USERGROUPS_S,NVARCHAR2,NVARCHAR2(2000),4000,,,Y,, , , , ,
MX_FORMS,TBLTEMPLATE_100,SYS_USERTOKEN_S,NVARCHAR2,NVARCHAR2(2000),4000,,,Y,, , , , ,
MX_FORMS,TBLTEMPLATE_100,TEMPLATE_ID,NUMBER,NUMBER,22,,,Y,, , , , ,
MX_FORMS,TBLTEMPLATE_100,TIMESTAMP,TIMESTAMP(6),TIMESTAMP(6),11,,6,Y,, , , , ,
MX_FORMS,TBLTEMPLATE_100,TIME_S,NVARCHAR2,NVARCHAR2(2000),4000,,,Y,, , , , ,
MX_FORMS,TBLTEMPLATE_100,TRIPNO_S,NVARCHAR2,NVARCHAR2(2000),4000,,,Y,, , , , ,
MX_FORMS,TBLTEMPLATE_100,USERTOKEN,NVARCHAR2,NVARCHAR2(50),100,,,Y,, , , , ,
MX_FORMS,TBLTEMPLATE_100,VEHICLEDRIVERNAME_S,NVARCHAR2,NVARCHAR2(2000),4000,,,Y,, , , , ,
MX_FORMS,TBLTEMPLATE_100,VEHICLEDRIVERNO_S,NVARCHAR2,NVARCHAR2(2000),4000,,,Y,, , , , ,
MX_FORMS,TBLTEMPLATE_100,VEHICLENO_S,NVARCHAR2,NVARCHAR2(2000),4000,,,Y,, , , , ,
MX_FORMS,TBLTEMPLATE_100,WICMESSAGE_B,NUMBER,NUMBER,22,1,0,Y,, , , , ,
MX_FORMS,TBLTEMPLATE_100,WORKSTATION_S,NVARCHAR2,NVARCHAR2(2000),4000,,,Y,, , , , ,
MX_FORMS,TBLTEMPLATE_103,ATTEMPLOYEESIGNATURE_S,NVARCHAR2,NVARCHAR2(2000),4000,,,Y,, , , , ,
MX_FORMS,TBLTEMPLATE_103,ATTENDINGPHYSICIAN_S,NVARCHAR2,NVARCHAR2(2000),4000,,,Y,, , , , ,
MX_FORMS,TBLTEMPLATE_103,CAUSE10_B,NUMBER,NUMBER,22,1,0,Y,, , , , ,
MX_FORMS,TBLTEMPLATE_103,CAUSE11_B,NUMBER,NUMBER,22,1,0,Y,, , , , ,
MX_FORMS,TBLTEMPLATE_103,CAUSE12_B,NUMBER,NUMBER,22,1,0,Y,, , , , ,
MX_FORMS,TBLTEMPLATE_103,CAUSE13_B,NUMBER,NUMBER,22,1,0,Y,, , , , ,
MX_FORMS,TBLTEMPLATE_103,CAUSE14_B,NUMBER,NUMBER,22,1,0,Y,, , , , ,
MX_FORMS,TBLTEMPLATE_103,CAUSE15_B,NUMBER,NUMBER,22,1,0,Y,, , , , ,
MX_FORMS,TBLTEMPLATE_103,CAUSE16_B,NUMBER,NUMBER,22,1,0,Y,, , , , ,
MX_FORMS,TBLTEMPLATE_103,CAUSE17_B,NUMBER,NUMBER,22,1,0,Y,, , , , ,
MX_FORMS,TBLTEMPLATE_103,CAUSE18_B,NUMBER,NUMBER,22,1,0,Y,, , , , ,
MX_FORMS,TBLTEMPLATE_103,CAUSE19_B,NUMBER,NUMBER,22,1,0,Y,, , , , ,
MX_FORMS,TBLTEMPLATE_103,CAUSE1_B,NUMBER,NUMBER,22,1,0,Y,, , , , ,
MX_FORMS,TBLTEMPLATE_103,CAUSE20_B,NUMBER,NUMBER,22,1,0,Y,, , , , ,
MX_FORMS,TBLTEMPLATE_103,CAUSE21_B,NUMBER,NUMBER,22,1,0,Y,, , , , ,
MX_FORMS,TBLTEMPLATE_103,CAUSE22_B,NUMBER,NUMBER,22,1,0,Y,, , , , ,
MX_FORMS,TBLTEMPLATE_103,CAUSE23_B,NUMBER,NUMBER,22,1,0,Y,, , , , ,
MX_FORMS,TBLTEMPLATE_103,CAUSE24_B,NUMBER,NUMBER,22,1,0,Y,, , , , ,
MX_FORMS,TBLTEMPLATE_103,CAUSE25_B,NUMBER,NUMBER,22,1,0,Y,, , , , ,
MX_FORMS,TBLTEMPLATE_103,CAUSE26_B,NUMBER,NUMBER,22,1,0,Y,, , , , ,
MX_FORMS,TBLTEMPLATE_103,CAUSE2_B,NUMBER,NUMBER,22,1,0,Y,, , , , ,
MX_FORMS,TBLTEMPLATE_103,CAUSE3_B,NUMBER,NUMBER,22,1,0,Y,, , , , ,
MX_FORMS,TBLTEMPLATE_103,CAUSE4_B,NUMBER,NUMBER,22,1,0,Y,, , , , ,
MX_FORMS,TBLTEMPLATE_103,CAUSE5_B,NUMBER,NUMBER,22,1,0,Y,, , , , ,
MX_FORMS,TBLTEMPLATE_103,CAUSE6_B,NUMBER,NUMBER,22,1,0,Y,, , , , ,
MX_FORMS,TBLTEMPLATE_103,CAUSE7_B,NUMBER,NUMBER,22,1,0,Y,, , , , ,
MX_FORMS,TBLTEMPLATE_103,CAUSE8_B,NUMBER,NUMBER,22,1,0,Y,, , , , ,
MX_FORMS,TBLTEMPLATE_103,CAUSE9_B,NUMBER,NUMBER,22,1,0,Y,, , , , ,
MX_FORMS,TBLTEMPLATE_103,CAUSEOTHER_B,NUMBER,NUMBER,22,1,0,Y,, , , , ,
MX_FORMS,TBLTEMPLATE_103,CAUSESCOMMENTS_S,NVARCHAR2,NVARCHAR2(2000),4000,,,Y,, , , , ,
MX_FORMS,TBLTEMPLATE_103,CORECTIVEACTIONCOMMENTS_S,NVARCHAR2,NVARCHAR2(2000),4000,,,Y,, , , , ,
MX_FORMS,TBLTEMPLATE_103,CORRECTIVEACTION10_B,NUMBER,NUMBER,22,1,0,Y,, , , , ,
MX_FORMS,TBLTEMPLATE_103,CORRECTIVEACTION11_B,NUMBER,NUMBER,22,1,0,Y,, , , , ,
MX_FORMS,TBLTEMPLATE_103,CORRECTIVEACTION12_B,NUMBER,NUMBER,22,1,0,Y,, , , , ,
MX_FORMS,TBLTEMPLATE_103,CORRECTIVEACTION13_B,NUMBER,NUMBER,22,1,0,Y,, , , , ,
MX_FORMS,TBLTEMPLATE_103,CORRECTIVEACTION14_B,NUMBER,NUMBER,22,1,0,Y,, , , , ,
MX_FORMS,TBLTEMPLATE_103,CORRECTIVEACTION1_B,NUMBER,NUMBER,22,1,0,Y,, , , , ,
MX_FORMS,TBLTEMPLATE_103,CORRECTIVEACTION2_B,NUMBER,NUMBER,22,1,0,Y,, , , , ,
MX_FORMS,TBLTEMPLATE_103,CORRECTIVEACTION3_B,NUMBER,NUMBER,22,1,0,Y,, , , , ,
MX_FORMS,TBLTEMPLATE_103,CORRECTIVEACTION4_B,NUMBER,NUMBER,22,1,0,Y,, , , , ,
MX_FORMS,TBLTEMPLATE_103,CORRECTIVEACTION5_B,NUMBER,NUMBER,22,1,0,Y,, , , , ,
MX_FORMS,TBLTEMPLATE_103,CORRECTIVEACTION6_B,NUMBER,NUMBER,22,1,0,Y,, , , , ,
MX_FORMS,TBLTEMPLATE_103,CORRECTIVEACTION7_B,NUMBER,NUMBER,22,1,0,Y,, , , , ,
MX_FORMS,TBLTEMPLATE_103,CORRECTIVEACTION8_B,NUMBER,NUMBER,22,1,0,Y,, , , , ,
MX_FORMS,TBLTEMPLATE_103,CORRECTIVEACTION9_B,NUMBER,NUMBER,22,1,0,Y,, , , , ,
MX_FORMS,TBLTEMPLATE_103,CORRECTIVEACTIONOTHER_B,NUMBER,NUMBER,22,1,0,Y,, , , , ,
MX_FORMS,TBLTEMPLATE_103,COUNT,NUMBER,NUMBER,22,,,Y,, , , , ,
MX_FORMS,TBLTEMPLATE_103,CURRENTSTOPNAME_S,NVARCHAR2,NVARCHAR2(2000),4000,,,Y,, , , , ,
MX_FORMS,TBLTEMPLATE_103,DATE_D,TIMESTAMP(6),TIMESTAMP(6),11,,6,Y,, , , , ,
MX_FORMS,TBLTEMPLATE_103,DISPATCHER_S,NVARCHAR2,NVARCHAR2(2000),4000,,,Y,, , , , ,
MX_FORMS,TBLTEMPLATE_103,DOCTORHOSPITALNO_B,NUMBER,NUMBER,22,1,0,Y,, , , , ,
MX_FORMS,TBLTEMPLATE_103,DOCTORHOSPITALYES_B,NUMBER,NUMBER,22,1,0,Y,, , , , ,
MX_FORMS,TBLTEMPLATE_103,DOMAIN,NVARCHAR2,NVARCHAR2(50),100,,,Y,, , , , ,
MX_FORMS,TBLTEMPLATE_103,EVENTDATE,TIMESTAMP(6),TIMESTAMP(6),11,,6,Y,, , , , ,
MX_FORMS,TBLTEMPLATE_103,FIRSTAIDNO_B,NUMBER,NUMBER,22,1,0,Y,, , , , ,
MX_FORMS,TBLTEMPLATE_103,FIRSTAIDYES_B,NUMBER,NUMBER,22,1,0,Y,, , , , ,
MX_FORMS,TBLTEMPLATE_103,FORM,NUMBER,NUMBER,22,,,Y,, , , , ,
MX_FORMS,TBLTEMPLATE_103,FORMVERSION,NUMBER,NUMBER,22,,,Y,, , , , ,
MX_FORMS,TBLTEMPLATE_103,HIDEFORPRINTING_S,NVARCHAR2,NVARCHAR2(2000),4000,,,Y,, , , , ,
MX_FORMS,TBLTEMPLATE_103,ID,NUMBER,NUMBER,22,,,N,,PK, ,UK, ,
MX_FORMS,TBLTEMPLATE_103,INCIDENTDETAILSCOMMENTS_S,NVARCHAR2,NVARCHAR2(2000),4000,,,Y,, , , , ,
MX_FORMS,TBLTEMPLATE_103,INCTYPE10_B,NUMBER,NUMBER,22,1,0,Y,, , , , ,
MX_FORMS,TBLTEMPLATE_103,INCTYPE11_B,NUMBER,NUMBER,22,1,0,Y,, , , , ,
MX_FORMS,TBLTEMPLATE_103,INCTYPE12_B,NUMBER,NUMBER,22,1,0,Y,, , , , ,
MX_FORMS,TBLTEMPLATE_103,INCTYPE13_B,NUMBER,NUMBER,22,1,0,Y,, , , , ,
MX_FORMS,TBLTEMPLATE_103,INCTYPE14_B,NUMBER,NUMBER,22,1,0,Y,, , , , ,
MX_FORMS,TBLTEMPLATE_103,INCTYPE15_B,NUMBER,NUMBER,22,1,0,Y,, , , , ,
MX_FORMS,TBLTEMPLATE_103,INCTYPE16_B,NUMBER,NUMBER,22,1,0,Y,, , , , ,
MX_FORMS,TBLTEMPLATE_103,INCTYPE17_B,NUMBER,NUMBER,22,1,0,Y,, , , , ,
MX_FORMS,TBLTEMPLATE_103,INCTYPE18_B,NUMBER,NUMBER,22,1,0,Y,, , , , ,
MX_FORMS,TBLTEMPLATE_103,INCTYPE1_B,NUMBER,NUMBER,22,1,0,Y,, , , , ,
MX_FORMS,TBLTEMPLATE_103,INCTYPE2_B,NUMBER,NUMBER,22,1,0,Y,, , , , ,
MX_FORMS,TBLTEMPLATE_103,INCTYPE3_B,NUMBER,NUMBER,22,1,0,Y,, , , , ,
MX_FORMS,TBLTEMPLATE_103,INCTYPE4_B,NUMBER,NUMBER,22,1,0,Y,, , , , ,
MX_FORMS,TBLTEMPLATE_103,INCTYPE5_B,NUMBER,NUMBER,22,1,0,Y,, , , , ,
MX_FORMS,TBLTEMPLATE_103,INCTYPE6_B,NUMBER,NUMBER,22,1,0,Y,, , , , ,
MX_FORMS,TBLTEMPLATE_103,INCTYPE7_B,NUMBER,NUMBER,22,1,0,Y,, , , , ,
MX_FORMS,TBLTEMPLATE_103,INCTYPE8_B,NUMBER,NUMBER,22,1,0,Y,, , , , ,
MX_FORMS,TBLTEMPLATE_103,INCTYPE9_B,NUMBER,NUMBER,22,1,0,Y,, , , , ,
MX_FORMS,TBLTEMPLATE_103,INCTYPECOMMENTS_S,NVARCHAR2,NVARCHAR2(2000),4000,,,Y,, , , , ,
MX_FORMS,TBLTEMPLATE_103,INCTYPEOTHER_B,NUMBER,NUMBER,22,1,0,Y,, , , , ,
MX_FORMS,TBLTEMPLATE_103,INJURYLEFTSIDE_B,NUMBER,NUMBER,22,1,0,Y,, , , , ,
MX_FORMS,TBLTEMPLATE_103,INJURYLOWER_B,NUMBER,NUMBER,22,1,0,Y,, , , , ,
MX_FORMS,TBLTEMPLATE_103,INJURYRIGHTSIDE_B,NUMBER,NUMBER,22,1,0,Y,, , , , ,
MX_FORMS,TBLTEMPLATE_103,INJURYUPPER_B,NUMBER,NUMBER,22,1,0,Y,, , , , ,
MX_FORMS,TBLTEMPLATE_103,LASTDAYWORKEDDATE_D,TIMESTAMP(6),TIMESTAMP(6),11,,6,Y,, , , , ,
MX_FORMS,TBLTEMPLATE_103,LASTDAYWORKEDTIME_S,NVARCHAR2,NVARCHAR2(2000),4000,,,Y,, , , , ,
MX_FORMS,TBLTEMPLATE_103,LOSTTIMENO_B,NUMBER,NUMBER,22,1,0,Y,, , , , ,
MX_FORMS,TBLTEMPLATE_103,LOSTTIMEYES_B,NUMBER,NUMBER,22,1,0,Y,, , , , ,
MX_FORMS,TBLTEMPLATE_103,MAILADDRESS_S,NVARCHAR2,NVARCHAR2(2000),4000,,,Y,, , , , ,
MX_FORMS,TBLTEMPLATE_103,MANAGERNAME_S,NVARCHAR2,NVARCHAR2(2000),4000,,,Y,, , , , ,
MX_FORMS,TBLTEMPLATE_103,MANAGERSIGNATURE_S,NVARCHAR2,NVARCHAR2(2000),4000,,,Y,, , , , ,
MX_FORMS,TBLTEMPLATE_103,NAMEADDRESSWITNESS_S,NVARCHAR2,NVARCHAR2(2000),4000,,,Y,, , , , ,
MX_FORMS,TBLTEMPLATE_103,NORMALHOURSFROM_S,NVARCHAR2,NVARCHAR2(2000),4000,,,Y,, , , , ,
MX_FORMS,TBLTEMPLATE_103,NORMALHOURSTO_S,NVARCHAR2,NVARCHAR2(2000),4000,,,Y,, , , , ,
MX_FORMS,TBLTEMPLATE_103,OFFWORKDONTKNOW_B,NUMBER,NUMBER,22,1,0,Y,, , , , ,
MX_FORMS,TBLTEMPLATE_103,OFFWORKNO_B,NUMBER,NUMBER,22,1,0,Y,, , , , ,
MX_FORMS,TBLTEMPLATE_103,OFFWORKYES_B,NUMBER,NUMBER,22,1,0,Y,, , , , ,
MX_FORMS,TBLTEMPLATE_103,PREVIOUSNO_B,NUMBER,NUMBER,22,1,0,Y,, , , , ,
MX_FORMS,TBLTEMPLATE_103,PREVIOUSYES_B,NUMBER,NUMBER,22,1,0,Y,, , , , ,
MX_FORMS,TBLTEMPLATE_103,REPORTDATE_D,TIMESTAMP(6),TIMESTAMP(6),11,,6,Y,, , , , ,
MX_FORMS,TBLTEMPLATE_103,REPORTTIME_S,NVARCHAR2,NVARCHAR2(2000),4000,,,Y,, , , , ,
MX_FORMS,TBLTEMPLATE_103,STATUS_S,NVARCHAR2,NVARCHAR2(2000),4000,,,Y,, , , , ,
MX_FORMS,TBLTEMPLATE_103,SUPERVISORNAME_S,NVARCHAR2,NVARCHAR2(2000),4000,,,Y,, , , , ,
MX_FORMS,TBLTEMPLATE_103,SUPERVISORSIGNATURE_S,NVARCHAR2,NVARCHAR2(2000),4000,,,Y,, , , , ,
MX_FORMS,TBLTEMPLATE_103,SYS_CHILDFORM_IDS_S,NVARCHAR2,NVARCHAR2(2000),4000,,,Y,, , , , ,
MX_FORMS,TBLTEMPLATE_103,SYS_DATAMODE_S,NVARCHAR2,NVARCHAR2(2000),4000,,,Y,, , , , ,
MX_FORMS,TBLTEMPLATE_103,SYS_DOMAIN_S,NVARCHAR2,NVARCHAR2(2000),4000,,,Y,, , , , ,
MX_FORMS,TBLTEMPLATE_103,SYS_FORMSERVERURL_S,NVARCHAR2,NVARCHAR2(2000),4000,,,Y,, , , , ,
MX_FORMS,TBLTEMPLATE_103,SYS_FORMVERSION_S,NVARCHAR2,NVARCHAR2(2000),4000,,,Y,, , , , ,
MX_FORMS,TBLTEMPLATE_103,SYS_FORM_ID_S,NVARCHAR2,NVARCHAR2(2000),4000,,,Y,, , , , ,
MX_FORMS,TBLTEMPLATE_103,SYS_LOCALE_S,NVARCHAR2,NVARCHAR2(2000),4000,,,Y,, , , , ,
MX_FORMS,TBLTEMPLATE_103,SYS_PARENTFORM_ID_S,NVARCHAR2,NVARCHAR2(2000),4000,,,Y,, , , , ,
MX_FORMS,TBLTEMPLATE_103,SYS_TEMPLATE_ID_S,NVARCHAR2,NVARCHAR2(2000),4000,,,Y,, , , , ,
MX_FORMS,TBLTEMPLATE_103,SYS_TIMESTAMP_S,NVARCHAR2,NVARCHAR2(2000),4000,,,Y,, , , , ,
MX_FORMS,TBLTEMPLATE_103,SYS_USERGROUPS_S,NVARCHAR2,NVARCHAR2(2000),4000,,,Y,, , , , ,
MX_FORMS,TBLTEMPLATE_103,SYS_USERTOKEN_S,NVARCHAR2,NVARCHAR2(2000),4000,,,Y,, , , , ,
MX_FORMS,TBLTEMPLATE_103,TEMPLATE_ID,NUMBER,NUMBER,22,,,Y,, , , , ,
MX_FORMS,TBLTEMPLATE_103,TIMESTAMP,TIMESTAMP(6),TIMESTAMP(6),11,,6,Y,, , , , ,
MX_FORMS,TBLTEMPLATE_103,TIME_S,NVARCHAR2,NVARCHAR2(2000),4000,,,Y,, , , , ,
MX_FORMS,TBLTEMPLATE_103,TOTALHOURSWORKED_S,NVARCHAR2,NVARCHAR2(2000),4000,,,Y,, , , , ,
MX_FORMS,TBLTEMPLATE_103,USERTOKEN,NVARCHAR2,NVARCHAR2(50),100,,,Y,, , , , ,
MX_FORMS,TBLTEMPLATE_103,VEHICLEDRIVERFAMILYNAME_S,NVARCHAR2,NVARCHAR2(2000),4000,,,Y,, , , , ,
MX_FORMS,TBLTEMPLATE_103,VEHICLEDRIVERFIRSTNAME_S,NVARCHAR2,NVARCHAR2(2000),4000,,,Y,, , , , ,
MX_FORMS,TBLTEMPLATE_103,VEHICLEDRIVERNO_S,NVARCHAR2,NVARCHAR2(2000),4000,,,Y,, , , , ,
MX_FORMS,TBLTEMPLATE_103,WORKEDFRIDAY_S,NVARCHAR2,NVARCHAR2(2000),4000,,,Y,, , , , ,
MX_FORMS,TBLTEMPLATE_103,WORKEDMONDAY_S,NVARCHAR2,NVARCHAR2(2000),4000,,,Y,, , , , ,
MX_FORMS,TBLTEMPLATE_103,WORKEDSATURDAY_S,NVARCHAR2,NVARCHAR2(2000),4000,,,Y,, , , , ,
MX_FORMS,TBLTEMPLATE_103,WORKEDSUNDAY_S,NVARCHAR2,NVARCHAR2(2000),4000,,,Y,, , , , ,
MX_FORMS,TBLTEMPLATE_103,WORKEDTHURSDAY_S,NVARCHAR2,NVARCHAR2(2000),4000,,,Y,, , , , ,
MX_FORMS,TBLTEMPLATE_103,WORKEDTUESDAY_S,NVARCHAR2,NVARCHAR2(2000),4000,,,Y,, , , , ,
MX_FORMS,TBLTEMPLATE_103,WORKEDWEDNESDAY_S,NVARCHAR2,NVARCHAR2(2000),4000,,,Y,, , , , ,
MX_FORMS,TBLTEMPLATE_103,WORKSTATION_S,NVARCHAR2,NVARCHAR2(2000),4000,,,Y,, , , , ,
MX_FORMS,TBLTEMPLATE_105,ACTIONAMBULANCECALLED_B,NUMBER,NUMBER,22,1,0,Y,, , , , ,
MX_FORMS,TBLTEMPLATE_105,ACTIONAMBULANCENO_S,NVARCHAR2,NVARCHAR2(2000),4000,,,Y,, , , , ,
MX_FORMS,TBLTEMPLATE_105,ACTIONCALLEDOTHERSPECIFIED_S,NVARCHAR2,NVARCHAR2(2000),4000,,,Y,, , , , ,
MX_FORMS,TBLTEMPLATE_105,ACTIONCALLEDOTHER_B,NUMBER,NUMBER,22,1,0,Y,, , , , ,
MX_FORMS,TBLTEMPLATE_105,ACTIONCHARGESAGAINST_S,NVARCHAR2,NVARCHAR2(2000),4000,,,Y,, , , , ,
MX_FORMS,TBLTEMPLATE_105,ACTIONFIREEMERGCALLED_B,NUMBER,NUMBER,22,1,0,Y,, , , , ,
MX_FORMS,TBLTEMPLATE_105,ACTIONHOSPITAL_S,NVARCHAR2,NVARCHAR2(2000),4000,,,Y,, , , , ,
MX_FORMS,TBLTEMPLATE_105,ACTIONMEDICALAIDNO_B,NUMBER,NUMBER,22,1,0,Y,, , , , ,
MX_FORMS,TBLTEMPLATE_105,ACTIONMEDICALAIDYESDESCR_S,NVARCHAR2,NVARCHAR2(2000),4000,,,Y,, , , , ,
MX_FORMS,TBLTEMPLATE_105,ACTIONMEDICALAIDYES_B,NUMBER,NUMBER,22,1,0,Y,, , , , ,
MX_FORMS,TBLTEMPLATE_105,ACTIONPOLICECALLED_B,NUMBER,NUMBER,22,1,0,Y,, , , , ,
MX_FORMS,TBLTEMPLATE_105,ACTIONPOLICEOFFICERBADGE_S,NVARCHAR2,NVARCHAR2(2000),4000,,,Y,, , , , ,
MX_FORMS,TBLTEMPLATE_105,ACTIONPOLICEOFFICERDIVISION_S,NVARCHAR2,NVARCHAR2(2000),4000,,,Y,, , , , ,
MX_FORMS,TBLTEMPLATE_105,ACTIONPOLICEOFFICERNAME_S,NVARCHAR2,NVARCHAR2(2000),4000,,,Y,, , , , ,
MX_FORMS,TBLTEMPLATE_105,ADDRESSOTHER_S,NVARCHAR2,NVARCHAR2(2000),4000,,,Y,, , , , ,
MX_FORMS,TBLTEMPLATE_105,AMBULANCENAMENUMBER_S,NVARCHAR2,NVARCHAR2(2000),4000,,,Y,, , , , ,
MX_FORMS,TBLTEMPLATE_105,AREAWASCLEAR_B,NUMBER,NUMBER,22,1,0,Y,, , , , ,
MX_FORMS,TBLTEMPLATE_105,AREAWASDEFECT_B,NUMBER,NUMBER,22,1,0,Y,, , , , ,
MX_FORMS,TBLTEMPLATE_105,AREAWASICE_B,NUMBER,NUMBER,22,1,0,Y,, , , , ,
MX_FORMS,TBLTEMPLATE_105,AREAWASLITTER_B,NUMBER,NUMBER,22,1,0,Y,, , , , ,
MX_FORMS,TBLTEMPLATE_105,AREAWASOBSTACLE_B,NUMBER,NUMBER,22,1,0,Y,, , , , ,
MX_FORMS,TBLTEMPLATE_105,AREAWASOTHERDESCR_S,NVARCHAR2,NVARCHAR2(2000),4000,,,Y,, , , , ,
MX_FORMS,TBLTEMPLATE_105,AREAWASOTHER_B,NUMBER,NUMBER,22,1,0,Y,, , , , ,
MX_FORMS,TBLTEMPLATE_105,AREAWASSLUSH_B,NUMBER,NUMBER,22,1,0,Y,, , , , ,
MX_FORMS,TBLTEMPLATE_105,AREAWASSNOW_B,NUMBER,NUMBER,22,1,0,Y,, , , , ,
MX_FORMS,TBLTEMPLATE_105,AREAWASWATER_B,NUMBER,NUMBER,22,1,0,Y,, , , , ,
MX_FORMS,TBLTEMPLATE_105,ATTACHEDCIT_B,NUMBER,NUMBER,22,1,0,Y,, , , , ,
MX_FORMS,TBLTEMPLATE_105,ATTACHEDCOMMENTS_B,NUMBER,NUMBER,22,1,0,Y,, , , , ,
MX_FORMS,TBLTEMPLATE_105,ATTACHEDOTHERSPECIFIED_S,NVARCHAR2,NVARCHAR2(2000),4000,,,Y,, , , , ,
MX_FORMS,TBLTEMPLATE_105,ATTACHEDOTHER_B,NUMBER,NUMBER,22,1,0,Y,, , , , ,
MX_FORMS,TBLTEMPLATE_105,ATTACHEDPOLICEREPORT_B,NUMBER,NUMBER,22,1,0,Y,, , , , ,
MX_FORMS,TBLTEMPLATE_105,ATT_DIAGRAM1_S,NVARCHAR2,NVARCHAR2(2000),4000,,,Y,, , , , ,
MX_FORMS,TBLTEMPLATE_105,ATT_DIAGRAM2_S,NVARCHAR2,NVARCHAR2(2000),4000,,,Y,, , , , ,
MX_FORMS,TBLTEMPLATE_105,ATT_DIAGRAM3_S,NVARCHAR2,NVARCHAR2(2000),4000,,,Y,, , , , ,
MX_FORMS,TBLTEMPLATE_105,ATT_FILE_S,NVARCHAR2,NVARCHAR2(2000),4000,,,Y,, , , , ,
MX_FORMS,TBLTEMPLATE_105,BUSDIRECTION_S,NVARCHAR2,NVARCHAR2(2000),4000,,,Y,, , , , ,
MX_FORMS,TBLTEMPLATE_105,CHANGEOFFNO_B,NUMBER,NUMBER,22,1,0,Y,, , , , ,
MX_FORMS,TBLTEMPLATE_105,CHANGEOFFVEHICLENO_S,NVARCHAR2,NVARCHAR2(2000),4000,,,Y,, , , , ,
MX_FORMS,TBLTEMPLATE_105,CHANGEOFFYES_B,NUMBER,NUMBER,22,1,0,Y,, , , , ,
MX_FORMS,TBLTEMPLATE_105,CHARGESSPECIFIED_S,NVARCHAR2,NVARCHAR2(2000),4000,,,Y,, , , , ,
MX_FORMS,TBLTEMPLATE_105,CITYOTHER_S,NVARCHAR2,NVARCHAR2(2000),4000,,,Y,, , , , ,
MX_FORMS,TBLTEMPLATE_105,COLLISIONANIMAL_B,NUMBER,NUMBER,22,1,0,Y,, , , , ,
MX_FORMS,TBLTEMPLATE_105,COLLISIONBOARDINGVEHI_B,NUMBER,NUMBER,22,1,0,Y,, , , , ,
MX_FORMS,TBLTEMPLATE_105,COLLISIONBUILDING_B,NUMBER,NUMBER,22,1,0,Y,, , , , ,
MX_FORMS,TBLTEMPLATE_105,COLLISIONBUSOFFROAD_B,NUMBER,NUMBER,22,1,0,Y,, , , , ,
MX_FORMS,TBLTEMPLATE_105,COLLISIONBYCICLE_B,NUMBER,NUMBER,22,1,0,Y,, , , , ,
MX_FORMS,TBLTEMPLATE_105,COLLISIONCAUGHTDOORS_B,NUMBER,NUMBER,22,1,0,Y,, , , , ,
MX_FORMS,TBLTEMPLATE_105,COLLISIONCOMMERCIALVEHI_B,NUMBER,NUMBER,22,1,0,Y,, , , , ,
MX_FORMS,TBLTEMPLATE_105,COLLISIONDESCRIPTION1_S,NVARCHAR2,NVARCHAR2(2000),4000,,,Y,, , , , ,
MX_FORMS,TBLTEMPLATE_105,COLLISIONDESCRIPTION2_S,NVARCHAR2,NVARCHAR2(2000),4000,,,Y,, , , , ,
MX_FORMS,TBLTEMPLATE_105,COLLISIONDESCRIPTION_S,NVARCHAR2,NVARCHAR2(2000),4000,,,Y,, , , , ,
MX_FORMS,TBLTEMPLATE_105,COLLISIONDIAGRAMINITIAL_S,NVARCHAR2,NVARCHAR2(2000),4000,,,Y,, , , , ,
MX_FORMS,TBLTEMPLATE_105,COLLISIONEXITINGVEHI_B,NUMBER,NUMBER,22,1,0,Y,, , , , ,
MX_FORMS,TBLTEMPLATE_105,COLLISIONFRONTEND_B,NUMBER,NUMBER,22,1,0,Y,, , , , ,
MX_FORMS,TBLTEMPLATE_105,COLLISIONHEADON_B,NUMBER,NUMBER,22,1,0,Y,, , , , ,
MX_FORMS,TBLTEMPLATE_105,COLLISIONINMOTIONINVEHI_B,NUMBER,NUMBER,22,1,0,Y,, , , , ,
MX_FORMS,TBLTEMPLATE_105,COLLISIONMOTORCYCLE_B,NUMBER,NUMBER,22,1,0,Y,, , , , ,
MX_FORMS,TBLTEMPLATE_105,COLLISIONONBOARD_B,NUMBER,NUMBER,22,1,0,Y,, , , , ,
MX_FORMS,TBLTEMPLATE_105,COLLISIONOTHER1COMMENT_S,NVARCHAR2,NVARCHAR2(2000),4000,,,Y,, , , , ,
MX_FORMS,TBLTEMPLATE_105,COLLISIONOTHER1_B,NUMBER,NUMBER,22,1,0,Y,, , , , ,
MX_FORMS,TBLTEMPLATE_105,COLLISIONOTHER2COMMENT_S,NVARCHAR2,NVARCHAR2(2000),4000,,,Y,, , , , ,
MX_FORMS,TBLTEMPLATE_105,COLLISIONOTHER2_B,NUMBER,NUMBER,22,1,0,Y,, , , , ,
MX_FORMS,TBLTEMPLATE_105,COLLISIONOVERTURN_B,NUMBER,NUMBER,22,1,0,Y,, , , , ,
MX_FORMS,TBLTEMPLATE_105,COLLISIONPARKEDVEHI_B,NUMBER,NUMBER,22,1,0,Y,, , , , ,
MX_FORMS,TBLTEMPLATE_105,COLLISIONPASSENGERCAR_B,NUMBER,NUMBER,22,1,0,Y,, , , , ,
MX_FORMS,TBLTEMPLATE_105,COLLISIONPASSENGER_B,NUMBER,NUMBER,22,1,0,Y,, , , , ,
MX_FORMS,TBLTEMPLATE_105,COLLISIONPEDESTRIAN_B,NUMBER,NUMBER,22,1,0,Y,, , , , ,
MX_FORMS,TBLTEMPLATE_105,COLLISIONREAREND_B,NUMBER,NUMBER,22,1,0,Y,, , , , ,
MX_FORMS,TBLTEMPLATE_105,COLLISIONRIGHTANGLE_B,NUMBER,NUMBER,22,1,0,Y,, , , , ,
MX_FORMS,TBLTEMPLATE_105,COLLISIONSEATED_B,NUMBER,NUMBER,22,1,0,Y,, , , , ,
MX_FORMS,TBLTEMPLATE_105,COLLISIONSIDESWIPE_B,NUMBER,NUMBER,22,1,0,Y,, , , , ,
MX_FORMS,TBLTEMPLATE_105,COLLISIONSTANDING_B,NUMBER,NUMBER,22,1,0,Y,, , , , ,
MX_FORMS,TBLTEMPLATE_105,COLLISIONTYPEBUSAUTO_B,NUMBER,NUMBER,22,1,0,Y,, , , , ,
MX_FORMS,TBLTEMPLATE_105,COLLISIONTYPEBUSBUS_B,NUMBER,NUMBER,22,1,0,Y,, , , , ,
MX_FORMS,TBLTEMPLATE_105,COLLISIONTYPEBUSCYCLIST_B,NUMBER,NUMBER,22,1,0,Y,, , , , ,
MX_FORMS,TBLTEMPLATE_105,COLLISIONTYPEBUSPEDESTRIAN_B,NUMBER,NUMBER,22,1,0,Y,, , , , ,
MX_FORMS,TBLTEMPLATE_105,COLLISIONTYPEBUSTRUCK_B,NUMBER,NUMBER,22,1,0,Y,, , , , ,
MX_FORMS,TBLTEMPLATE_105,COLLISIONTYPEONBOARD_B,NUMBER,NUMBER,22,1,0,Y,, , , , ,
MX_FORMS,TBLTEMPLATE_105,COLLISIONTYPEOTHERSPEC_S,NVARCHAR2,NVARCHAR2(2000),4000,,,Y,, , , , ,
MX_FORMS,TBLTEMPLATE_105,COLLISIONTYPEOTHER_B,NUMBER,NUMBER,22,1,0,Y,, , , , ,
MX_FORMS,TBLTEMPLATE_105,CONDITIONCLEAN_B,NUMBER,NUMBER,22,1,0,Y,, , , , ,
MX_FORMS,TBLTEMPLATE_105,CONDITIONDIRTY_B,NUMBER,NUMBER,22,1,0,Y,, , , , ,
MX_FORMS,TBLTEMPLATE_105,CONDITIONOTHERDESCR_S,NVARCHAR2,NVARCHAR2(2000),4000,,,Y,, , , , ,
MX_FORMS,TBLTEMPLATE_105,CONDITIONOTHER_B,NUMBER,NUMBER,22,1,0,Y,, , , , ,
MX_FORMS,TBLTEMPLATE_105,CONDITIONSLIPPERY_B,NUMBER,NUMBER,22,1,0,Y,, , , , ,
MX_FORMS,TBLTEMPLATE_105,CONDITIONWET_B,NUMBER,NUMBER,22,1,0,Y,, , , , ,
MX_FORMS,TBLTEMPLATE_105,COPIESTOOTHERSPECIFIED_S,NVARCHAR2,NVARCHAR2(2000),4000,,,Y,, , , , ,
MX_FORMS,TBLTEMPLATE_105,COPIESTOOTHER_B,NUMBER,NUMBER,22,1,0,Y,, , , , ,
MX_FORMS,TBLTEMPLATE_105,COPIESTOSUPERVISOR_B,NUMBER,NUMBER,22,1,0,Y,, , , , ,
MX_FORMS,TBLTEMPLATE_105,COPIESTOTRANSITENFORCEMENT_B,NUMBER,NUMBER,22,1,0,Y,, , , , ,
MX_FORMS,TBLTEMPLATE_105,CORRIDOR_S,NVARCHAR2,NVARCHAR2(2000),4000,,,Y,, , , , ,
MX_FORMS,TBLTEMPLATE_105,COUNT,NUMBER,NUMBER,22,,,Y,, , , , ,
MX_FORMS,TBLTEMPLATE_105,CUSTOMERCARDSNOREASON_S,NVARCHAR2,NVARCHAR2(2000),4000,,,Y,, , , , ,
MX_FORMS,TBLTEMPLATE_105,CUSTOMERCARDSNO_B,NUMBER,NUMBER,22,1,0,Y,, , , , ,
MX_FORMS,TBLTEMPLATE_105,CUSTOMERCARDSYES_B,NUMBER,NUMBER,22,1,0,Y,, , , , ,
MX_FORMS,TBLTEMPLATE_105,DAMAGE1EXTENSIVE_B,NUMBER,NUMBER,22,1,0,Y,, , , , ,
MX_FORMS,TBLTEMPLATE_105,DAMAGE1MINOR_B,NUMBER,NUMBER,22,1,0,Y,, , , , ,
MX_FORMS,TBLTEMPLATE_105,DAMAGE1MODERATE_B,NUMBER,NUMBER,22,1,0,Y,, , , , ,
MX_FORMS,TBLTEMPLATE_105,DAMAGE1NONVISIBLE_B,NUMBER,NUMBER,22,1,0,Y,, , , , ,
MX_FORMS,TBLTEMPLATE_105,DAMAGE2EXTENSIVE_B,NUMBER,NUMBER,22,1,0,Y,, , , , ,
MX_FORMS,TBLTEMPLATE_105,DAMAGE2MINOR_B,NUMBER,NUMBER,22,1,0,Y,, , , , ,
MX_FORMS,TBLTEMPLATE_105,DAMAGE2MODERATE_B,NUMBER,NUMBER,22,1,0,Y,, , , , ,
MX_FORMS,TBLTEMPLATE_105,DAMAGE2NONVISIBLE_B,NUMBER,NUMBER,22,1,0,Y,, , , , ,
MX_FORMS,TBLTEMPLATE_105,DAMAGEDESCRIPTION_S,NVARCHAR2,NVARCHAR2(2000),4000,,,Y,, , , , ,
MX_FORMS,TBLTEMPLATE_105,DATEOFRECEIPT_D,TIMESTAMP(6),TIMESTAMP(6),11,,6,Y,, , , , ,
MX_FORMS,TBLTEMPLATE_105,DATE_D,TIMESTAMP(6),TIMESTAMP(6),11,,6,Y,, , , , ,
MX_FORMS,TBLTEMPLATE_105,DAYOFWEEK_S,NVARCHAR2,NVARCHAR2(2000),4000,,,Y,, , , , ,
MX_FORMS,TBLTEMPLATE_105,DESTINATIONSTOPNAME_S,NVARCHAR2,NVARCHAR2(2000),4000,,,Y,, , , , ,
MX_FORMS,TBLTEMPLATE_105,DETAILMOVEMENT1_1_B,NUMBER,NUMBER,22,1,0,Y,, , , , ,
MX_FORMS,TBLTEMPLATE_105,DETAILMOVEMENT1_2_B,NUMBER,NUMBER,22,1,0,Y,, , , , ,
MX_FORMS,TBLTEMPLATE_105,DETAILMOVEMENT1_3_B,NUMBER,NUMBER,22,1,0,Y,, , , , ,
MX_FORMS,TBLTEMPLATE_105,DETAILMOVEMENT1_4_B,NUMBER,NUMBER,22,1,0,Y,, , , , ,
MX_FORMS,TBLTEMPLATE_105,DETAILMOVEMENT1_5_B,NUMBER,NUMBER,22,1,0,Y,, , , , ,
MX_FORMS,TBLTEMPLATE_105,DETAILMOVEMENT1_6_B,NUMBER,NUMBER,22,1,0,Y,, , , , ,
MX_FORMS,TBLTEMPLATE_105,DETAILMOVEMENT1_7_B,NUMBER,NUMBER,22,1,0,Y,, , , , ,
MX_FORMS,TBLTEMPLATE_105,DETAILMOVEMENT1_8_B,NUMBER,NUMBER,22,1,0,Y,, , , , ,
MX_FORMS,TBLTEMPLATE_105,DETAILMOVEMENT2_1_B,NUMBER,NUMBER,22,1,0,Y,, , , , ,
MX_FORMS,TBLTEMPLATE_105,DETAILMOVEMENT2_2_B,NUMBER,NUMBER,22,1,0,Y,, , , , ,
MX_FORMS,TBLTEMPLATE_105,DETAILMOVEMENT2_3_B,NUMBER,NUMBER,22,1,0,Y,, , , , ,
MX_FORMS,TBLTEMPLATE_105,DETAILMOVEMENT2_4_B,NUMBER,NUMBER,22,1,0,Y,, , , , ,
MX_FORMS,TBLTEMPLATE_105,DETAILMOVEMENT2_5_B,NUMBER,NUMBER,22,1,0,Y,, , , , ,
MX_FORMS,TBLTEMPLATE_105,DETAILMOVEMENT2_6_B,NUMBER,NUMBER,22,1,0,Y,, , , , ,
MX_FORMS,TBLTEMPLATE_105,DETAILMOVEMENT2_7_B,NUMBER,NUMBER,22,1,0,Y,, , , , ,
MX_FORMS,TBLTEMPLATE_105,DETAILMOVEMENT2_8DESCR_S,NVARCHAR2,NVARCHAR2(2000),4000,,,Y,, , , , ,
MX_FORMS,TBLTEMPLATE_105,DETAILMOVEMENT2_8_B,NUMBER,NUMBER,22,1,0,Y,, , , , ,
MX_FORMS,TBLTEMPLATE_105,DETAILMOVEMENTGO_1_B,NUMBER,NUMBER,22,1,0,Y,, , , , ,
MX_FORMS,TBLTEMPLATE_105,DETAILMOVEMENTGO_2_B,NUMBER,NUMBER,22,1,0,Y,, , , , ,
MX_FORMS,TBLTEMPLATE_105,DETAILMOVEMENTGO_3_B,NUMBER,NUMBER,22,1,0,Y,, , , , ,
MX_FORMS,TBLTEMPLATE_105,DETAILMOVEMENTGO_4_B,NUMBER,NUMBER,22,1,0,Y,, , , , ,
MX_FORMS,TBLTEMPLATE_105,DETAILMOVEMENTGO_5_B,NUMBER,NUMBER,22,1,0,Y,, , , , ,
MX_FORMS,TBLTEMPLATE_105,DETAILMOVEMENTGO_6_B,NUMBER,NUMBER,22,1,0,Y,, , , , ,
MX_FORMS,TBLTEMPLATE_105,DETAILMOVEMENTGO_7_B,NUMBER,NUMBER,22,1,0,Y,, , , , ,
MX_FORMS,TBLTEMPLATE_105,DETAILMOVEMENTGO_8_B,NUMBER,NUMBER,22,1,0,Y,, , , , ,
MX_FORMS,TBLTEMPLATE_105,DETAILVEHICLE1_1_B,NUMBER,NUMBER,22,1,0,Y,, , , , ,
MX_FORMS,TBLTEMPLATE_105,DETAILVEHICLE1_2_B,NUMBER,NUMBER,22,1,0,Y,, , , , ,
MX_FORMS,TBLTEMPLATE_105,DETAILVEHICLE1_3_B,NUMBER,NUMBER,22,1,0,Y,, , , , ,
MX_FORMS,TBLTEMPLATE_105,DETAILVEHICLE1_4_B,NUMBER,NUMBER,22,1,0,Y,, , , , ,
MX_FORMS,TBLTEMPLATE_105,DETAILVEHICLE1_5_B,NUMBER,NUMBER,22,1,0,Y,, , , , ,
MX_FORMS,TBLTEMPLATE_105,DETAILVEHICLE1_6_B,NUMBER,NUMBER,22,1,0,Y,, , , , ,
MX_FORMS,TBLTEMPLATE_105,DETAILVEHICLE1_7_B,NUMBER,NUMBER,22,1,0,Y,, , , , ,
MX_FORMS,TBLTEMPLATE_105,DETAILVEHICLE1_8_B,NUMBER,NUMBER,22,1,0,Y,, , , , ,
MX_FORMS,TBLTEMPLATE_105,DETAILVEHICLE2_1_B,NUMBER,NUMBER,22,1,0,Y,, , , , ,
MX_FORMS,TBLTEMPLATE_105,DETAILVEHICLE2_2_B,NUMBER,NUMBER,22,1,0,Y,, , , , ,
MX_FORMS,TBLTEMPLATE_105,DETAILVEHICLE2_3_B,NUMBER,NUMBER,22,1,0,Y,, , , , ,
MX_FORMS,TBLTEMPLATE_105,DETAILVEHICLE2_4_B,NUMBER,NUMBER,22,1,0,Y,, , , , ,
MX_FORMS,TBLTEMPLATE_105,DETAILVEHICLE2_5_B,NUMBER,NUMBER,22,1,0,Y,, , , , ,
MX_FORMS,TBLTEMPLATE_105,DETAILVEHICLE2_6_B,NUMBER,NUMBER,22,1,0,Y,, , , , ,
MX_FORMS,TBLTEMPLATE_105,DETAILVEHICLE2_7_B,NUMBER,NUMBER,22,1,0,Y,, , , , ,
MX_FORMS,TBLTEMPLATE_105,DETAILVEHICLE2_8_B,NUMBER,NUMBER,22,1,0,Y,, , , , ,
MX_FORMS,TBLTEMPLATE_105,DETAILVEHICLEGO_1_B,NUMBER,NUMBER,22,1,0,Y,, , , , ,
MX_FORMS,TBLTEMPLATE_105,DETAILVEHICLEGO_2_B,NUMBER,NUMBER,22,1,0,Y,, , , , ,
MX_FORMS,TBLTEMPLATE_105,DETAILVEHICLEGO_3_B,NUMBER,NUMBER,22,1,0,Y,, , , , ,
MX_FORMS,TBLTEMPLATE_105,DETAILVEHICLEGO_4_B,NUMBER,NUMBER,22,1,0,Y,, , , , ,
MX_FORMS,TBLTEMPLATE_105,DETAILVEHICLEGO_5_B,NUMBER,NUMBER,22,1,0,Y,, , , , ,
MX_FORMS,TBLTEMPLATE_105,DETAILVEHICLEGO_6_B,NUMBER,NUMBER,22,1,0,Y,, , , , ,
MX_FORMS,TBLTEMPLATE_105,DETAILVEHICLEGO_7_B,NUMBER,NUMBER,22,1,0,Y,, , , , ,
MX_FORMS,TBLTEMPLATE_105,DETAILVEHICLEGO_8_B,NUMBER,NUMBER,22,1,0,Y,, , , , ,
MX_FORMS,TBLTEMPLATE_105,DETAILWARNINGGIVEN1_1_B,NUMBER,NUMBER,22,1,0,Y,, , , , ,
MX_FORMS,TBLTEMPLATE_105,DETAILWARNINGGIVEN1_2_B,NUMBER,NUMBER,22,1,0,Y,, , , , ,
MX_FORMS,TBLTEMPLATE_105,DETAILWARNINGGIVEN1_3_B,NUMBER,NUMBER,22,1,0,Y,, , , , ,
MX_FORMS,TBLTEMPLATE_105,DETAILWARNINGGIVEN1_4_B,NUMBER,NUMBER,22,1,0,Y,, , , , ,
MX_FORMS,TBLTEMPLATE_105,DETAILWARNINGGIVEN1_5_B,NUMBER,NUMBER,22,1,0,Y,, , , , ,
MX_FORMS,TBLTEMPLATE_105,DETAILWARNINGGIVEN1_6_B,NUMBER,NUMBER,22,1,0,Y,, , , , ,
MX_FORMS,TBLTEMPLATE_105,DETAILWARNINGGIVEN1_7_B,NUMBER,NUMBER,22,1,0,Y,, , , , ,
MX_FORMS,TBLTEMPLATE_105,DETAILWARNINGGIVEN2_1_B,NUMBER,NUMBER,22,1,0,Y,, , , , ,
MX_FORMS,TBLTEMPLATE_105,DETAILWARNINGGIVEN2_2_B,NUMBER,NUMBER,22,1,0,Y,, , , , ,
MX_FORMS,TBLTEMPLATE_105,DETAILWARNINGGIVEN2_3_B,NUMBER,NUMBER,22,1,0,Y,, , , , ,
MX_FORMS,TBLTEMPLATE_105,DETAILWARNINGGIVEN2_4_B,NUMBER,NUMBER,22,1,0,Y,, , , , ,
MX_FORMS,TBLTEMPLATE_105,DETAILWARNINGGIVEN2_5_B,NUMBER,NUMBER,22,1,0,Y,, , , , ,
MX_FORMS,TBLTEMPLATE_105,DETAILWARNINGGIVEN2_6_B,NUMBER,NUMBER,22,1,0,Y,, , , , ,
MX_FORMS,TBLTEMPLATE_105,DETAILWARNINGGIVEN2_7_B,NUMBER,NUMBER,22,1,0,Y,, , , , ,
MX_FORMS,TBLTEMPLATE_105,DETAILWARNINGGIVENGO_1_B,NUMBER,NUMBER,22,1,0,Y,, , , , ,
MX_FORMS,TBLTEMPLATE_105,DETAILWARNINGGIVENGO_2_B,NUMBER,NUMBER,22,1,0,Y,, , , , ,
MX_FORMS,TBLTEMPLATE_105,DETAILWARNINGGIVENGO_3_B,NUMBER,NUMBER,22,1,0,Y,, , , , ,
MX_FORMS,TBLTEMPLATE_105,DETAILWARNINGGIVENGO_4_B,NUMBER,NUMBER,22,1,0,Y,, , , , ,
MX_FORMS,TBLTEMPLATE_105,DETAILWARNINGGIVENGO_5_B,NUMBER,NUMBER,22,1,0,Y,, , , , ,
MX_FORMS,TBLTEMPLATE_105,DETAILWARNINGGIVENGO_6_B,NUMBER,NUMBER,22,1,0,Y,, , , , ,
MX_FORMS,TBLTEMPLATE_105,DETAILWARNINGGIVENGO_7_B,NUMBER,NUMBER,22,1,0,Y,, , , , ,
MX_FORMS,TBLTEMPLATE_105,DIRECTION_S,NVARCHAR2,NVARCHAR2(2000),4000,,,Y,, , , , ,
MX_FORMS,TBLTEMPLATE_105,DISPATCHER_S,NVARCHAR2,NVARCHAR2(2000),4000,,,Y,, , , , ,
MX_FORMS,TBLTEMPLATE_105,DOMAIN,NVARCHAR2,NVARCHAR2(50),100,,,Y,, , , , ,
MX_FORMS,TBLTEMPLATE_105,DRIVERADDRESS_S,NVARCHAR2,NVARCHAR2(2000),4000,,,Y,, , , , ,
MX_FORMS,TBLTEMPLATE_105,DRIVERCITY_S,NVARCHAR2,NVARCHAR2(2000),4000,,,Y,, , , , ,
MX_FORMS,TBLTEMPLATE_105,DRIVERGIVENNAME_S,NVARCHAR2,NVARCHAR2(2000),4000,,,Y,, , , , ,
MX_FORMS,TBLTEMPLATE_105,DRIVERISFEMALE_B,NUMBER,NUMBER,22,1,0,Y,, , , , ,
MX_FORMS,TBLTEMPLATE_105,DRIVERISMALE_B,NUMBER,NUMBER,22,1,0,Y,, , , , ,
MX_FORMS,TBLTEMPLATE_105,DRIVERISMRS_B,NUMBER,NUMBER,22,1,0,Y,, , , , ,
MX_FORMS,TBLTEMPLATE_105,DRIVERISMR_B,NUMBER,NUMBER,22,1,0,Y,, , , , ,
MX_FORMS,TBLTEMPLATE_105,DRIVERISMS_B,NUMBER,NUMBER,22,1,0,Y,, , , , ,
MX_FORMS,TBLTEMPLATE_105,DRIVERLICENCENUMBER_S,NVARCHAR2,NVARCHAR2(2000),4000,,,Y,, , , , ,
MX_FORMS,TBLTEMPLATE_105,DRIVERMEDICALATTENTIONNO_B,NUMBER,NUMBER,22,1,0,Y,, , , , ,
MX_FORMS,TBLTEMPLATE_105,DRIVERMEDICALATTENTIONYES_B,NUMBER,NUMBER,22,1,0,Y,, , , , ,
MX_FORMS,TBLTEMPLATE_105,DRIVERMEDICALREQUIREDNO_B,NUMBER,NUMBER,22,1,0,Y,, , , , ,
MX_FORMS,TBLTEMPLATE_105,DRIVERMEDICALREQUIREDYES_B,NUMBER,NUMBER,22,1,0,Y,, , , , ,
MX_FORMS,TBLTEMPLATE_105,DRIVEROTHERINFOORINJURIES_S,NVARCHAR2,NVARCHAR2(2000),4000,,,Y,, , , , ,
MX_FORMS,TBLTEMPLATE_105,DRIVERPHONENO_S,NVARCHAR2,NVARCHAR2(2000),4000,,,Y,, , , , ,
MX_FORMS,TBLTEMPLATE_105,DRIVERPOSTALCODE_S,NVARCHAR2,NVARCHAR2(2000),4000,,,Y,, , , , ,
MX_FORMS,TBLTEMPLATE_105,DRIVERSTATE_S,NVARCHAR2,NVARCHAR2(2000),4000,,,Y,, , , , ,
MX_FORMS,TBLTEMPLATE_105,DRIVERSURNAME_S,NVARCHAR2,NVARCHAR2(2000),4000,,,Y,, , , , ,
MX_FORMS,TBLTEMPLATE_105,DUTYNO_S,NVARCHAR2,NVARCHAR2(2000),4000,,,Y,, , , , ,
MX_FORMS,TBLTEMPLATE_105,EVENTDATE,TIMESTAMP(6),TIMESTAMP(6),11,,6,Y,, , , , ,
MX_FORMS,TBLTEMPLATE_105,EXACTLOCATION_S,NVARCHAR2,NVARCHAR2(2000),4000,,,Y,, , , , ,
MX_FORMS,TBLTEMPLATE_105,FINALDATECOMPLETED_D,TIMESTAMP(6),TIMESTAMP(6),11,,6,Y,, , , , ,
MX_FORMS,TBLTEMPLATE_105,FINALEMPLOYEENAME_S,NVARCHAR2,NVARCHAR2(2000),4000,,,Y,, , , , ,
MX_FORMS,TBLTEMPLATE_105,FINALEMPLOYEENO_S,NVARCHAR2,NVARCHAR2(2000),4000,,,Y,, , , , ,
MX_FORMS,TBLTEMPLATE_105,FINALEMPLOYEESIGNATURE_S,NVARCHAR2,NVARCHAR2(2000),4000,,,Y,, , , , ,
MX_FORMS,TBLTEMPLATE_105,FINALWORKLOCATION_S,NVARCHAR2,NVARCHAR2(2000),4000,,,Y,, , , , ,
MX_FORMS,TBLTEMPLATE_105,FLOORCONDITIONCLEAN_B,NUMBER,NUMBER,22,1,0,Y,, , , , ,
MX_FORMS,TBLTEMPLATE_105,FLOORCONDITIONDIRTY_B,NUMBER,NUMBER,22,1,0,Y,, , , , ,
MX_FORMS,TBLTEMPLATE_105,FLOORCONDITIONNONE_B,NUMBER,NUMBER,22,1,0,Y,, , , , ,
MX_FORMS,TBLTEMPLATE_105,FLOORCONDITIONSLIPPERY_B,NUMBER,NUMBER,22,1,0,Y,, , , , ,
MX_FORMS,TBLTEMPLATE_105,FLOORCONDITIONWET_B,NUMBER,NUMBER,22,1,0,Y,, , , , ,
MX_FORMS,TBLTEMPLATE_105,FOOTWARETYPE_S,NVARCHAR2,NVARCHAR2(2000),4000,,,Y,, , , , ,
MX_FORMS,TBLTEMPLATE_105,FORM,NUMBER,NUMBER,22,,,Y,, , , , ,
MX_FORMS,TBLTEMPLATE_105,FORMVERSION,NUMBER,NUMBER,22,,,Y,, , , , ,
MX_FORMS,TBLTEMPLATE_105,FORWARDEDTOCLAIMS_B,NUMBER,NUMBER,22,1,0,Y,, , , , ,
MX_FORMS,TBLTEMPLATE_105,GIVENNAMEOTHER_S,NVARCHAR2,NVARCHAR2(2000),4000,,,Y,, , , , ,
MX_FORMS,TBLTEMPLATE_105,HIDEFORPRINTING_S,NVARCHAR2,NVARCHAR2(2000),4000,,,Y,, , , , ,
MX_FORMS,TBLTEMPLATE_105,HOSPITALREMOVEDTO_S,NVARCHAR2,NVARCHAR2(2000),4000,,,Y,, , , , ,
MX_FORMS,TBLTEMPLATE_105,HOURSONDUTY_S,NVARCHAR2,NVARCHAR2(2000),4000,,,Y,, , , , ,
MX_FORMS,TBLTEMPLATE_105,HOWSERVICEADJUSTED_S,NVARCHAR2,NVARCHAR2(2000),4000,,,Y,, , , , ,
MX_FORMS,TBLTEMPLATE_105,ID,NUMBER,NUMBER,22,,,N,,PK, ,UK, ,
MX_FORMS,TBLTEMPLATE_105,INJUREDADDRESS_S,NVARCHAR2,NVARCHAR2(2000),4000,,,Y,, , , , ,
MX_FORMS,TBLTEMPLATE_105,INJUREDAGE_S,NVARCHAR2,NVARCHAR2(2000),4000,,,Y,, , , , ,
MX_FORMS,TBLTEMPLATE_105,INJUREDBUSINESSREPORT_S,NVARCHAR2,NVARCHAR2(2000),4000,,,Y,, , , , ,
MX_FORMS,TBLTEMPLATE_105,INJUREDCITY_S,NVARCHAR2,NVARCHAR2(2000),4000,,,Y,, , , , ,
MX_FORMS,TBLTEMPLATE_105,INJUREDEXTENDOFINJURY_S,NVARCHAR2,NVARCHAR2(2000),4000,,,Y,, , , , ,
MX_FORMS,TBLTEMPLATE_105,INJUREDGIVENNAME_S,NVARCHAR2,NVARCHAR2(2000),4000,,,Y,, , , , ,
MX_FORMS,TBLTEMPLATE_105,INJUREDHOMEPHONE_S,NVARCHAR2,NVARCHAR2(2000),4000,,,Y,, , , , ,
MX_FORMS,TBLTEMPLATE_105,INJUREDIMMEDIATENO_B,NUMBER,NUMBER,22,1,0,Y,, , , , ,
MX_FORMS,TBLTEMPLATE_105,INJUREDIMMEDIATEYES_B,NUMBER,NUMBER,22,1,0,Y,, , , , ,
MX_FORMS,TBLTEMPLATE_105,INJUREDPOSTALCODE_S,NVARCHAR2,NVARCHAR2(2000),4000,,,Y,, , , , ,
MX_FORMS,TBLTEMPLATE_105,INJUREDSURNAME_S,NVARCHAR2,NVARCHAR2(2000),4000,,,Y,, , , , ,
MX_FORMS,TBLTEMPLATE_105,INJUREDVEH1_B,NUMBER,NUMBER,22,1,0,Y,, , , , ,
MX_FORMS,TBLTEMPLATE_105,INJUREDVEH2_B,NUMBER,NUMBER,22,1,0,Y,, , , , ,
MX_FORMS,TBLTEMPLATE_105,INJUREDVEHICLEGO_B,NUMBER,NUMBER,22,1,0,Y,, , , , ,
MX_FORMS,TBLTEMPLATE_105,INJURY1ADDRESS_S,NVARCHAR2,NVARCHAR2(2000),4000,,,Y,, , , , ,
MX_FORMS,TBLTEMPLATE_105,INJURY1EXT_S,NVARCHAR2,NVARCHAR2(2000),4000,,,Y,, , , , ,
MX_FORMS,TBLTEMPLATE_105,INJURY1NAME_S,NVARCHAR2,NVARCHAR2(2000),4000,,,Y,, , , , ,
MX_FORMS,TBLTEMPLATE_105,INJURY1PHONE_S,NVARCHAR2,NVARCHAR2(2000),4000,,,Y,, , , , ,
MX_FORMS,TBLTEMPLATE_105,INJURY2ADDRESS_S,NVARCHAR2,NVARCHAR2(2000),4000,,,Y,, , , , ,
MX_FORMS,TBLTEMPLATE_105,INJURY2EXT_S,NVARCHAR2,NVARCHAR2(2000),4000,,,Y,, , , , ,
MX_FORMS,TBLTEMPLATE_105,INJURY2NAME_S,NVARCHAR2,NVARCHAR2(2000),4000,,,Y,, , , , ,
MX_FORMS,TBLTEMPLATE_105,INJURY2PHONE_S,NVARCHAR2,NVARCHAR2(2000),4000,,,Y,, , , , ,
MX_FORMS,TBLTEMPLATE_105,INJURY3ADDRESS_S,NVARCHAR2,NVARCHAR2(2000),4000,,,Y,, , , , ,
MX_FORMS,TBLTEMPLATE_105,INJURY3EXT_S,NVARCHAR2,NVARCHAR2(2000),4000,,,Y,, , , , ,
MX_FORMS,TBLTEMPLATE_105,INJURY3NAME_S,NVARCHAR2,NVARCHAR2(2000),4000,,,Y,, , , , ,
MX_FORMS,TBLTEMPLATE_105,INJURY3PHONE_S,NVARCHAR2,NVARCHAR2(2000),4000,,,Y,, , , , ,
MX_FORMS,TBLTEMPLATE_105,INTERSECTIONDIAGRAMINITIAL_S,NVARCHAR2,NVARCHAR2(2000),4000,,,Y,, , , , ,
MX_FORMS,TBLTEMPLATE_105,INVESTORSDIAGRAMINITIAL_S,NVARCHAR2,NVARCHAR2(2000),4000,,,Y,, , , , ,
MX_FORMS,TBLTEMPLATE_105,ISATSTREET_B,NUMBER,NUMBER,22,1,0,Y,, , , , ,
MX_FORMS,TBLTEMPLATE_105,ISNEARSTREET_B,NUMBER,NUMBER,22,1,0,Y,, , , , ,
MX_FORMS,TBLTEMPLATE_105,LANESHOLES_B,NUMBER,NUMBER,22,1,0,Y,, , , , ,
MX_FORMS,TBLTEMPLATE_105,LANESLOOSEMATERIAL_B,NUMBER,NUMBER,22,1,0,Y,, , , , ,
MX_FORMS,TBLTEMPLATE_105,LANESMARKED_B,NUMBER,NUMBER,22,1,0,Y,, , , , ,
MX_FORMS,TBLTEMPLATE_105,LANESNOROADDEFECT_B,NUMBER,NUMBER,22,1,0,Y,, , , , ,
MX_FORMS,TBLTEMPLATE_105,LANESOTHERDESCR_S,NVARCHAR2,NVARCHAR2(2000),4000,,,Y,, , , , ,
MX_FORMS,TBLTEMPLATE_105,LANESOTHER_B,NUMBER,NUMBER,22,1,0,Y,, , , , ,
MX_FORMS,TBLTEMPLATE_105,LANESUNMARKED_B,NUMBER,NUMBER,22,1,0,Y,, , , , ,
MX_FORMS,TBLTEMPLATE_105,LICENCEINFORCENO_B,NUMBER,NUMBER,22,1,0,Y,, , , , ,
MX_FORMS,TBLTEMPLATE_105,LICENCEINFORCEYES_B,NUMBER,NUMBER,22,1,0,Y,, , , , ,
MX_FORMS,TBLTEMPLATE_105,LIGHTDARKHIGHWAYLIGHTEDNO_B,NUMBER,NUMBER,22,1,0,Y,, , , , ,
MX_FORMS,TBLTEMPLATE_105,LIGHTDARKHIGHWAYLIGHTEDYES_B,NUMBER,NUMBER,22,1,0,Y,, , , , ,
MX_FORMS,TBLTEMPLATE_105,LIGHTDARK_B,NUMBER,NUMBER,22,1,0,Y,, , , , ,
MX_FORMS,TBLTEMPLATE_105,LIGHTDAWN_B,NUMBER,NUMBER,22,1,0,Y,, , , , ,
MX_FORMS,TBLTEMPLATE_105,LIGHTDAYLIGHT_B,NUMBER,NUMBER,22,1,0,Y,, , , , ,
MX_FORMS,TBLTEMPLATE_105,LIGHTDUSK_B,NUMBER,NUMBER,22,1,0,Y,, , , , ,
MX_FORMS,TBLTEMPLATE_105,LOCATIONAT_S,NVARCHAR2,NVARCHAR2(2000),4000,,,Y,, , , , ,
MX_FORMS,TBLTEMPLATE_105,LOCATIONBUSTERMINAL_B,NUMBER,NUMBER,22,1,0,Y,, , , , ,
MX_FORMS,TBLTEMPLATE_105,LOCATIONCITY_B,NUMBER,NUMBER,22,1,0,Y,, , , , ,
MX_FORMS,TBLTEMPLATE_105,LOCATIONINTERSECTION_B,NUMBER,NUMBER,22,1,0,Y,, , , , ,
MX_FORMS,TBLTEMPLATE_105,LOCATIONNONINTERSECTION_B,NUMBER,NUMBER,22,1,0,Y,, , , , ,
MX_FORMS,TBLTEMPLATE_105,LOCATIONON_S,NVARCHAR2,NVARCHAR2(2000),4000,,,Y,, , , , ,
MX_FORMS,TBLTEMPLATE_105,LOCATIONRURAL_B,NUMBER,NUMBER,22,1,0,Y,, , , , ,
MX_FORMS,TBLTEMPLATE_105,MAILADDRESS_S,NVARCHAR2,NVARCHAR2(2000),4000,,,Y,, , , , ,
MX_FORMS,TBLTEMPLATE_105,MECHANICALDEFECTS_S,NVARCHAR2,NVARCHAR2(2000),4000,,,Y,, , , , ,
MX_FORMS,TBLTEMPLATE_105,NAMEPERSONCHARGED_S,NVARCHAR2,NVARCHAR2(2000),4000,,,Y,, , , , ,
MX_FORMS,TBLTEMPLATE_105,NEARESTCITYORTOWN_S,NVARCHAR2,NVARCHAR2(2000),4000,,,Y,, , , , ,
MX_FORMS,TBLTEMPLATE_105,NOTIFIED1_S,NVARCHAR2,NVARCHAR2(2000),4000,,,Y,, , , , ,
MX_FORMS,TBLTEMPLATE_105,NOTIFIED2_S,NVARCHAR2,NVARCHAR2(2000),4000,,,Y,, , , , ,
MX_FORMS,TBLTEMPLATE_105,NOTIFIED3_S,NVARCHAR2,NVARCHAR2(2000),4000,,,Y,, , , , ,
MX_FORMS,TBLTEMPLATE_105,NOTIFIED4_S,NVARCHAR2,NVARCHAR2(2000),4000,,,Y,, , , , ,
MX_FORMS,TBLTEMPLATE_105,NOTIFIED5_S,NVARCHAR2,NVARCHAR2(2000),4000,,,Y,, , , , ,
MX_FORMS,TBLTEMPLATE_105,NOTIFIEDDATE1_D,TIMESTAMP(6),TIMESTAMP(6),11,,6,Y,, , , , ,
MX_FORMS,TBLTEMPLATE_105,NOTIFIEDDATE2_D,TIMESTAMP(6),TIMESTAMP(6),11,,6,Y,, , , , ,
MX_FORMS,TBLTEMPLATE_105,NOTIFIEDDATE3_D,TIMESTAMP(6),TIMESTAMP(6),11,,6,Y,, , , , ,
MX_FORMS,TBLTEMPLATE_105,NOTIFIEDDATE4_D,TIMESTAMP(6),TIMESTAMP(6),11,,6,Y,, , , , ,
MX_FORMS,TBLTEMPLATE_105,NOTIFIEDDATE5_D,TIMESTAMP(6),TIMESTAMP(6),11,,6,Y,, , , , ,
MX_FORMS,TBLTEMPLATE_105,NOTIFIEDFAX1_B,NUMBER,NUMBER,22,1,0,Y,, , , , ,
MX_FORMS,TBLTEMPLATE_105,NOTIFIEDFAX2_B,NUMBER,NUMBER,22,1,0,Y,, , , , ,
MX_FORMS,TBLTEMPLATE_105,NOTIFIEDFAX3_B,NUMBER,NUMBER,22,1,0,Y,, , , , ,
MX_FORMS,TBLTEMPLATE_105,NOTIFIEDFAX4_B,NUMBER,NUMBER,22,1,0,Y,, , , , ,
MX_FORMS,TBLTEMPLATE_105,NOTIFIEDFAX5_B,NUMBER,NUMBER,22,1,0,Y,, , , , ,
MX_FORMS,TBLTEMPLATE_105,NOTIFIEDPHONE1_B,NUMBER,NUMBER,22,1,0,Y,, , , , ,
MX_FORMS,TBLTEMPLATE_105,NOTIFIEDPHONE2_B,NUMBER,NUMBER,22,1,0,Y,, , , , ,
MX_FORMS,TBLTEMPLATE_105,NOTIFIEDPHONE3_B,NUMBER,NUMBER,22,1,0,Y,, , , , ,
MX_FORMS,TBLTEMPLATE_105,NOTIFIEDPHONE4_B,NUMBER,NUMBER,22,1,0,Y,, , , , ,
MX_FORMS,TBLTEMPLATE_105,NOTIFIEDPHONE5_B,NUMBER,NUMBER,22,1,0,Y,, , , , ,
MX_FORMS,TBLTEMPLATE_105,NOTIFIEDTIME1_S,NVARCHAR2,NVARCHAR2(2000),4000,,,Y,, , , , ,
MX_FORMS,TBLTEMPLATE_105,NOTIFIEDTIME2_S,NVARCHAR2,NVARCHAR2(2000),4000,,,Y,, , , , ,